title,creator,date,dateapprox,description,subjects,location,region,latitude,longitude,origid,source,type,format,rights,object-id
"Hercules Mine, Burke (Idaho) [03]","Barnard Studio (Wallace, Idaho)",1915,yes,"A distant view of Hercules Mine in Burke, Idaho.",mines (extracting complexes); mine buildings; iron mines; silver mines;,United States--Idaho--Shoshone County--Burke,Burke,47.542337,-115.808902,PG 8-X001a,"PG 8, Barnard-Stockbridge Collection, University of Idaho Library Special Collections and Archives, http://www.lib.uidaho.edu/special-collections/",Image;StillImage,image/jpg,https://creativecommons.org/publicdomain/mark/1.0/,0
"Little Pittsburg, Kellogg (Idaho) [03]","Barnard Studio (Wallace, Idaho)",1910,yes,A snow covered setting with the sun shining through the trees shows the road that leads to Beebe Bros. Mine.,mines (extracting complexes); silver mines;,United States--Idaho--Shoshone County--Kellogg,Masonia,47.479804,-116.199539,PG 8-X004d,"PG 8, Barnard-Stockbridge Collection, University of Idaho Library Special Collections and Archives, http://www.lib.uidaho.edu/special-collections/",Image;StillImage,image/jpg,https://creativecommons.org/publicdomain/mark/1.0/,1
"Certificate of Citizenship for Joseph Abicor, 1913 [01]","Barnard Studio (Wallace, Idaho)",1913,yes,Image is a copy of the citizenship certificate for Joseph Arbicor.,,United States--Idaho--Shoshone County,,47.474095,-115.927939,PG 8-X084a,"PG 8, Barnard-Stockbridge Collection, University of Idaho Library Special Collections and Archives, http://www.lib.uidaho.edu/special-collections/",Image;StillImage,image/jpg,https://creativecommons.org/publicdomain/mark/1.0/,2
"Certificate of Citizenship for Joseph Abicor, 1913 [02]","Barnard Studio (Wallace, Idaho)",1913,yes,Image is a copy of the citizenship certificate for Joseph Arbicor.,,United States--Colorado--Lake County,,47.474055,-115.927949,PG 8-X084b,"PG 8, Barnard-Stockbridge Collection, University of Idaho Library Special Collections and Archives, http://www.lib.uidaho.edu/special-collections/",Image;StillImage,image/jpg,https://creativecommons.org/publicdomain/mark/1.0/,3
"Frisco Mill-Explosion, Gem (Idaho), 1892 [1]","Barnard Studio (Wallace, Idaho)",1892-07-11,,"View of the Frisco Mill-Explosion in Gem, Idaho after dynamite explosion set by Union Strikers.",buildings (structures); mills (buildings); railroads; explosions;,United States--Idaho--Shoshone County--Gem,Burke,47.507922,-115.869847,PG 8-X085,"PG 8, Barnard-Stockbridge Collection, University of Idaho Library Special Collections and Archives, http://www.lib.uidaho.edu/special-collections/",Image;StillImage,image/jpg,https://creativecommons.org/publicdomain/mark/1.0/,4
"Frisco Mill-Explosion, Gem (Idaho), 1892 [2]","Barnard Studio (Wallace, Idaho)",1892-07-11,,"View of the Frisco Mill-Explosion in Gem, Idaho after dynamite explosion set by Union Strikers.",buildings (structures); mills (buildings); railroads; explosions;,United States--Idaho--Shoshone County--Gem,Burke,47.507932,-115.869857,PG 8-X086,"PG 8, Barnard-Stockbridge Collection, University of Idaho Library Special Collections and Archives, http://www.lib.uidaho.edu/special-collections/",Image;StillImage,image/jpg,https://creativecommons.org/publicdomain/mark/1.0/,5
"Wallace (Idaho), Forest fire of 1910, Coeur d'Alene Hardware Warehouse [02]","Barnard Studio (Wallace, Idaho)",1910-08-20,,"Image shows the debris from the Coeur d'Alene Hardware Warehouse on September 3, 1910 after  the fire on August 20, 1910 swept went through Wallace, Idaho.",fires; groups of people; railroads; business (commercial function);,United States--Idaho--Shoshone County--Wallace,Wallace,47.471576,-115.923782,PG 8-X087,"PG 8, Barnard-Stockbridge Collection, University of Idaho Library Special Collections and Archives, http://www.lib.uidaho.edu/special-collections/",Image;StillImage,image/jpg,https://creativecommons.org/publicdomain/mark/1.0/,6
"Wallace (Idaho), Wallace National Bank building, 1912","Barnard Studio (Wallace, Idaho)",1912-08-19,,"Exterior view of the Wallace National Bank in Wallace, Idaho on the corner of 6th and Cedar.  Caption on front: ""6th and Cedar""",banks (financial institutions); buildings (structures); groups of people; automobiles; business (commercial function);,United States--Idaho--Shoshone County--Wallace,Wallace,47.474095,-115.927939,PG 8-X048,"PG 8, Barnard-Stockbridge Collection, University of Idaho Library Special Collections and Archives, http://www.lib.uidaho.edu/special-collections/",Image;StillImage,image/jpg,https://creativecommons.org/publicdomain/mark/1.0/,7
"Wallace (Idaho), Forest fire of 1910, Coeur d'Alene Hardware Warehouse [01]","Barnard Studio (Wallace, Idaho)",1910-08-20,,"Image shows the debris from the Coeur d'Alene Hardware Warehouse on September 3, 1910 after  the fire on August 20, 1910 swept went through Wallace, Idaho.",fires; business (commercial function);,United States--Idaho--Shoshone County--Wallace,Wallace,47.471586,-115.923772,PG 8-X088,"PG 8, Barnard-Stockbridge Collection, University of Idaho Library Special Collections and Archives, http://www.lib.uidaho.edu/special-collections/",Image;StillImage,image/jpg,https://creativecommons.org/publicdomain/mark/1.0/,8
"Wallace (Idaho), Forest fire of 1910, Brewery","Barnard Studio (Wallace, Idaho)",1910-08-20,,"Image shows the brewery in Wallace, Idaho after the fire of August 20, 1910.",fires; buildings (structures); business (commercial function);,United States--Idaho--Shoshone County--Wallace,Wallace,47.471615,-115.922218,PG 8-X089a,"PG 8, Barnard-Stockbridge Collection, University of Idaho Library Special Collections and Archives, http://www.lib.uidaho.edu/special-collections/",Image;StillImage,image/jpg,https://creativecommons.org/publicdomain/mark/1.0/,9
"Wallace (Idaho), Forest fire 1910 [09]","Barnard Studio (Wallace, Idaho)",1910-08-25,,"Image of Wallace, Idaho after the fire of August 20, 1910.",fires; buildings (structures); railroads; railroads cars;,United States--Idaho--Shoshone County--Wallace,Wallace,47.471605,-115.922208,PG 8-X089b,"PG 8, Barnard-Stockbridge Collection, University of Idaho Library Special Collections and Archives, http://www.lib.uidaho.edu/special-collections/",Image;StillImage,image/jpg,https://creativecommons.org/publicdomain/mark/1.0/,10
"Wallace (Idaho), Forest fire 1910 [08]","Barnard Studio (Wallace, Idaho)",1910-08-25,,"Image of Wallace, Idaho after the fire of August 20, 1910.   Caption on front: ""General view from Samuel's Hotel, showing Oregon, Washington Railroad and Navigation station, August 20, 1910""",fires; buildings (structures); railroads; railroads cars;,United States--Idaho--Shoshone County--Wallace,Wallace,47.471625,-115.922228,PG 8-X090,"PG 8, Barnard-Stockbridge Collection, University of Idaho Library Special Collections and Archives, http://www.lib.uidaho.edu/special-collections/",Image;StillImage,image/jpg,https://creativecommons.org/publicdomain/mark/1.0/,11
"Wallace (Idaho), City Dairy [01]","Barnard Studio (Wallace, Idaho)",1920,yes,Interior view of a dairy where cows being milked by machine.,dairy barns; business (commercial function);,United States--Idaho--Shoshone County--Wallace,Wallace,47.473379,-115.923749,PG 8-X005a,"PG 8, Barnard-Stockbridge Collection, University of Idaho Library Special Collections and Archives, http://www.lib.uidaho.edu/special-collections/",Image;StillImage,image/jpg,https://creativecommons.org/publicdomain/mark/1.0/,12
"Wallace (Idaho), Forest fire of 1910, Samuel's Hotel","Barnard Studio (Wallace, Idaho)",1910-08-22,,"Image of Wallace, Idaho after the fire of August 20, 1910, shows the corner of Samuel's Hotel on August 22, 1910.",fires; buildings (structures); groups of people; wagons (cargo vehicles);,United States--Idaho--Shoshone County--Wallace,Wallace,47.471645,-115.922248,PG 8-X092,"PG 8, Barnard-Stockbridge Collection, University of Idaho Library Special Collections and Archives, http://www.lib.uidaho.edu/special-collections/",Image;StillImage,image/jpg,https://creativecommons.org/publicdomain/mark/1.0/,13
"Wallace (Idaho), Forest fire 1910 [07]","Barnard Studio (Wallace, Idaho)",1910-08-22,,"Image of Wallace, Idaho after the fire of August 20, 1910.",fires; buildings (structures); groups of people;,United States--Idaho--Shoshone County--Wallace,Wallace,47.471635,-115.922238,PG 8-X091a,"PG 8, Barnard-Stockbridge Collection, University of Idaho Library Special Collections and Archives, http://www.lib.uidaho.edu/special-collections/",Image;StillImage,image/jpg,https://creativecommons.org/publicdomain/mark/1.0/,14
"Wallace (Idaho), Flood of 1896","Barnard Studio (Wallace, Idaho)",1896-03-01,yes,"Image is of Wallace, Idaho after the flood of 1896.  Caption on front: """" Results of flood on placer creek, Wallace, Idaho late in November 1896. Similar flood occurred late in January, 1894 but no photos available. These were flash floods as result of deep snow, heavy rains, Chinook winds that removed the snow very fast",buildings (structures); groups of people; floods (natural events);,United States--Idaho--Shoshone County--Wallace,Wallace,47.475761,-115.931272,PG 8-X093,"PG 8, Barnard-Stockbridge Collection, University of Idaho Library Special Collections and Archives, http://www.lib.uidaho.edu/special-collections/",Image;StillImage,image/jpg,https://creativecommons.org/publicdomain/mark/1.0/,15
"Wallace (Idaho), Flood of 1906 [04]","Barnard Studio (Wallace, Idaho)",1906-11-15,,"Image is of Wallace, Idaho after the Canyon Creek flood November 15, 1906.",buildings (structures); floods (natural events);,United States--Idaho--Shoshone County--Wallace,Wallace,47.472115,-115.915994,PG 8-X094,"PG 8, Barnard-Stockbridge Collection, University of Idaho Library Special Collections and Archives, http://www.lib.uidaho.edu/special-collections/",Image;StillImage,image/jpg,https://creativecommons.org/publicdomain/mark/1.0/,16
"Wallace (Idaho), Flood of 1897","Barnard Studio (Wallace, Idaho)",1897,yes,"Image is of Wallace, Idaho after the flood of 1897.",buildings (structures); dwellings; floods (natural events);,United States--Idaho--Shoshone County--Wallace,Wallace,47.475772,-115.931287,PG 8-X095a,"PG 8, Barnard-Stockbridge Collection, University of Idaho Library Special Collections and Archives, http://www.lib.uidaho.edu/special-collections/",Image;StillImage,image/jpg,https://creativecommons.org/publicdomain/mark/1.0/,17
Coeur d'Alene cut off [01],"Barnard Studio (Wallace, Idaho)",1913,yes,Image shows a scenic view of the N.P. [Northern Pacific] train on the South bridge.,railroads bridges; steam locomotives;,United States--Idaho,,,,PG 8-X049a,"PG 8, Barnard-Stockbridge Collection, University of Idaho Library Special Collections and Archives, http://www.lib.uidaho.edu/special-collections/",Image;StillImage,image/jpg,https://creativecommons.org/publicdomain/mark/1.0/,18
"Wallace (Idaho), Flood of 1906 [02]","Barnard Studio (Wallace, Idaho)",1906-11-15,,"Image is of Wallace, Idaho after the Canyon Creek flood November 15, 1906.",buildings (structures); groups of people; railroads; floods (natural events);,United States--Idaho--Shoshone County--Wallace,Wallace,47.472115,-115.915984,PG 8-X096,"PG 8, Barnard-Stockbridge Collection, University of Idaho Library Special Collections and Archives, http://www.lib.uidaho.edu/special-collections/",Image;StillImage,image/jpg,https://creativecommons.org/publicdomain/mark/1.0/,19
"Wallace (Idaho), Flood of 1906 [03]","Barnard Studio (Wallace, Idaho)",1906-11-15,,"Image is of Wallace, Idaho after the Canyon Creek flood November 15, 1906.",buildings (structures); groups of people; floods (natural events);,United States--Idaho--Shoshone County--Wallace,Wallace,47.472125,-115.915974,PG 8-X097,"PG 8, Barnard-Stockbridge Collection, University of Idaho Library Special Collections and Archives, http://www.lib.uidaho.edu/special-collections/",Image;StillImage,image/jpg,https://creativecommons.org/publicdomain/mark/1.0/,20
"Wallace (Idaho), Wallace High School, Gymnasium, 1915","Barnard Studio (Wallace, Idaho)",1915-05-27,,"Interior view of the Wallace High School Gymnasium, May 27, 1915. Students are pictured using various gymnastic equipment.",groups of people; gymnasiums;,United States--Idaho--Shoshone County--Wallace,Wallace,47.473851,-115.926165,PG 8-X098,"PG 8, Barnard-Stockbridge Collection, University of Idaho Library Special Collections and Archives, http://www.lib.uidaho.edu/special-collections/",Image;StillImage,image/jpg,https://creativecommons.org/publicdomain/mark/1.0/,21
"Burke (Idaho), Gorge Gulch, 1907","Barnard Studio (Wallace, Idaho)",1907,yes,"A distant view of Gorge Gulch and Burke, Idaho in May 1907.  Caption on back: """"Benton Mag. Ce. Dump""""",buildings (structures); dwellings; railroads;,United States--Idaho--Shoshone County--Burke,Burke,47.522356,-115.81256,PG 8-X099,"PG 8, Barnard-Stockbridge Collection, University of Idaho Library Special Collections and Archives, http://www.lib.uidaho.edu/special-collections/",Image;StillImage,image/jpg,https://creativecommons.org/publicdomain/mark/1.0/,22
"Wallace (Idaho), City Dairy [02]","Barnard Studio (Wallace, Idaho)",1920,yes,Interior view of a dairy where cows being milked by machine.,dairy barns; business (commercial function);,United States--Idaho--Shoshone County--Wallace,Wallace,47.473379,-115.923749,PG 8-X005b,"PG 8, Barnard-Stockbridge Collection, University of Idaho Library Special Collections and Archives, http://www.lib.uidaho.edu/special-collections/",Image;StillImage,image/jpg,https://creativecommons.org/publicdomain/mark/1.0/,23
"Wallace (Idaho), Grand Theatre [01]","Barnard Studio (Wallace, Idaho)",1910,yes,"Interior view of the Grand Theatre in Wallace, Idaho, showing the drop curtain.",asbestos curtains; theaters (buildings);,United States--Idaho--Shoshone County--Wallace,Wallace,,,PG 8-X100,"PG 8, Barnard-Stockbridge Collection, University of Idaho Library Special Collections and Archives, http://www.lib.uidaho.edu/special-collections/",Image;StillImage,image/jpg,https://creativecommons.org/publicdomain/mark/1.0/,24
"Wallace (Idaho), Grand Theatre [02]","Barnard Studio (Wallace, Idaho)",1916,yes,"Interior view from the stage of the Grand Theater in Wallace, Idaho.",theaters (buildings);,United States--Idaho--Shoshone County--Wallace,Wallace,,,PG 8-X101a,"PG 8, Barnard-Stockbridge Collection, University of Idaho Library Special Collections and Archives, http://www.lib.uidaho.edu/special-collections/",Image;StillImage,image/jpg,https://creativecommons.org/publicdomain/mark/1.0/,25
"Wallace (Idaho), Grand Theatre (new)","Barnard Studio (Wallace, Idaho)",1916,yes,"Interior view of the new Grand Theater in Wallace, Idaho.",asbestos curtains; theaters (buildings);,United States--Idaho--Shoshone County--Wallace,Wallace,,,PG 8-X101b,"PG 8, Barnard-Stockbridge Collection, University of Idaho Library Special Collections and Archives, http://www.lib.uidaho.edu/special-collections/",Image;StillImage,image/jpg,https://creativecommons.org/publicdomain/mark/1.0/,26
"Wallace (Idaho), Grand Theatre, 1916","Barnard Studio (Wallace, Idaho)",1916,yes,"Exterior view of the Grand Theater in Wallace, Idaho.",buildings (structures); theaters (buildings);,United States--Idaho--Shoshone County--Wallace,Wallace,,,PG 8-X102b,"PG 8, Barnard-Stockbridge Collection, University of Idaho Library Special Collections and Archives, http://www.lib.uidaho.edu/special-collections/",Image;StillImage,image/jpg,https://creativecommons.org/publicdomain/mark/1.0/,27
"Gem  (Idaho), 1907","Barnard Studio (Wallace, Idaho)",1907,yes,"Image is of """"The Canyon,"""" near Hecla Mill, showing two lines of standard gauge railway on 4% grade, two railway spurs and two flumes.",buildings (structures); dwellings;,United States--Idaho--Shoshone County--Gem,Burke,47.521953,-115.81455,PG 8-X103,"PG 8, Barnard-Stockbridge Collection, University of Idaho Library Special Collections and Archives, http://www.lib.uidaho.edu/special-collections/",Image;StillImage,image/jpg,https://creativecommons.org/publicdomain/mark/1.0/,28
"Gem  (Idaho), 1910","Barnard Studio (Wallace, Idaho)",1910,yes,"Image is of ""The Canyon,"" near Hecla Mill, Showing two lines of standard gauge railway on 4% grade, two railway spurs and two flumes",buildings (structures); dwellings; railroads;,United States--Idaho--Shoshone County--Gem,Burke,47.521963,-115.81465,PG 8-X104,"PG 8, Barnard-Stockbridge Collection, University of Idaho Library Special Collections and Archives, http://www.lib.uidaho.edu/special-collections/",Image;StillImage,image/jpg,https://creativecommons.org/publicdomain/mark/1.0/,29
"Burke (Idaho), 1914 [01]","Barnard Studio (Wallace, Idaho)",1914-04-28,,"Image looking into Burke, Idaho, a Northern Pacific railcar 28031 is pictured on the right.",buildings (structures); railroads; railroads cars;,United States--Idaho--Shoshone County--Burke,Burke,47.521973,-115.81445,PG 8-X105a,"PG 8, Barnard-Stockbridge Collection, University of Idaho Library Special Collections and Archives, http://www.lib.uidaho.edu/special-collections/",Image;StillImage,image/jpg,https://creativecommons.org/publicdomain/mark/1.0/,30
"Burke (Idaho), 1914 [02]","Barnard Studio (Wallace, Idaho)",1914,yes,"Image looking from in town to the Northern Pacific Railway in Burke, Idaho. Photographs was taken for Mr. Goddard, a N.P. [Northern Pacific] claim agent.",buildings (structures); railroads; railroads cars;,United States--Idaho--Shoshone County--Burke,Burke,47.521983,-115.81475,PG 8-X105b,"PG 8, Barnard-Stockbridge Collection, University of Idaho Library Special Collections and Archives, http://www.lib.uidaho.edu/special-collections/",Image;StillImage,image/jpg,https://creativecommons.org/publicdomain/mark/1.0/,31
Coeur d'Alene cut off [02],"Barnard Studio (Wallace, Idaho)",1910,yes,Image shows the  N.P. [Northern Pacific] train with rotary plow.,steam locomotives;,United States--Idaho,,,,PG 8-X049b,"PG 8, Barnard-Stockbridge Collection, University of Idaho Library Special Collections and Archives, http://www.lib.uidaho.edu/special-collections/",Image;StillImage,image/jpg,https://creativecommons.org/publicdomain/mark/1.0/,32
"Gem  (Idaho), 1914 [01]","Barnard Studio (Wallace, Idaho)",1914,yes,"View taken on the railroad track going into Gem, Idaho.",buildings (structures); railroads;,United States--Idaho--Shoshone County--Gem,Burke,47.507922,-115.869847,PG 8-X106a,"PG 8, Barnard-Stockbridge Collection, University of Idaho Library Special Collections and Archives, http://www.lib.uidaho.edu/special-collections/",Image;StillImage,image/jpg,https://creativecommons.org/publicdomain/mark/1.0/,33
"Spokane Interstate Fair, Spokane (Wash.), 1908","Barnard Studio (Wallace, Idaho)",1908,yes,Image of a diploma awarded to Black Horse Mine for exhibit of Lead Silver at the Spokane Interstate Fair in 1908.,,United States--Washington--Spokane County--Spokane,Greenacres,47.597914,-115.74749,PG 8-X006,"PG 8, Barnard-Stockbridge Collection, University of Idaho Library Special Collections and Archives, http://www.lib.uidaho.edu/special-collections/",Image;StillImage,image/jpg,https://creativecommons.org/publicdomain/mark/1.0/,34
"Gem  (Idaho), 1914 [02]","Barnard Studio (Wallace, Idaho)",1914,yes,"View taken on the railroad track going into Gem, Idaho.",buildings (structures); dwellings; railroads;,United States--Idaho--Shoshone County--Gem,Burke,47.507932,-115.869857,PG 8-X106b,"PG 8, Barnard-Stockbridge Collection, University of Idaho Library Special Collections and Archives, http://www.lib.uidaho.edu/special-collections/",Image;StillImage,image/jpg,https://creativecommons.org/publicdomain/mark/1.0/,35
"Gem  (Idaho), 1914 [02]","Barnard Studio (Wallace, Idaho)",1914,yes,"Image of the Northern Pacific Railway taken in Gem, Idaho [1914] for Mr. Goddard a N.P. [Northern Pacific] claim agent.",buildings (structures); dwellings; railroads;,United States--Idaho--Shoshone County--Gem,Burke,47.520278,-115.819167,PG 8-X106c,"PG 8, Barnard-Stockbridge Collection, University of Idaho Library Special Collections and Archives, http://www.lib.uidaho.edu/special-collections/",Image;StillImage,image/jpg,https://creativecommons.org/publicdomain/mark/1.0/,36
Golden Chest Mine [01],"Barnard Studio (Wallace, Idaho)",1915,yes,"Image of Golden Chest Mine, a gold mine near Murray, Idaho.",buildings (structures); groups of people; mills (buildings); railroads;,United States--Idaho--Shoshone County,Murray,47.616873,-115.834609,PG 8-X107a,"PG 8, Barnard-Stockbridge Collection, University of Idaho Library Special Collections and Archives, http://www.lib.uidaho.edu/special-collections/",Image;StillImage,image/jpg,https://creativecommons.org/publicdomain/mark/1.0/,37
Golden Chest Mine [02],"Barnard Studio (Wallace, Idaho)",1915,yes,"Image of Golden Chest Mine, a gold mine near Murray, Idaho.",buildings (structures); mills (buildings); railroads;,United States--Idaho--Shoshone County,Murray,47.616863,-115.834619,PG 8-X107b,"PG 8, Barnard-Stockbridge Collection, University of Idaho Library Special Collections and Archives, http://www.lib.uidaho.edu/special-collections/",Image;StillImage,image/jpg,https://creativecommons.org/publicdomain/mark/1.0/,38
Store front,"Barnard Studio (Wallace, Idaho)",1905,yes,Exterior view of a store front.,buildings (structures);,United States--Idaho,,47.472262,-115.923491,PG 8-X108,"PG 8, Barnard-Stockbridge Collection, University of Idaho Library Special Collections and Archives, http://www.lib.uidaho.edu/special-collections/",Image;StillImage,image/jpg,https://creativecommons.org/publicdomain/mark/1.0/,39
"Hunter Mill, Mullan (Idaho), 1907","Barnard Studio (Wallace, Idaho)",1907,yes,"Image of the Hunter Mill in Mullan, Idaho.",buildings (structures); mills (buildings); railroads;,United States--Idaho--Shoshone County--Mullan,Mullan,47.466012,-115.811012,PG 8-X109,"PG 8, Barnard-Stockbridge Collection, University of Idaho Library Special Collections and Archives, http://www.lib.uidaho.edu/special-collections/",Image;StillImage,image/jpg,https://creativecommons.org/publicdomain/mark/1.0/,40
"Wallace (Idaho), Interstate Rubber Co. [01]","Barnard Studio (Wallace, Idaho)",1915,yes,"Interior view of the Interstate Rubber Company in Wallace, Idaho.",equipment; business (commercial function);,United States--Idaho--Shoshone County--Wallace,Wallace,,,PG 8-X110a,"PG 8, Barnard-Stockbridge Collection, University of Idaho Library Special Collections and Archives, http://www.lib.uidaho.edu/special-collections/",Image;StillImage,image/jpg,https://creativecommons.org/publicdomain/mark/1.0/,41
"Wallace (Idaho), Interstate Rubber Co. [02]","Barnard Studio (Wallace, Idaho)",1915,yes,"Interior view of the Interstate Rubber Company in Wallace, Idaho.",equipment; business (commercial function);,United States--Idaho--Shoshone County--Wallace,Wallace,,,PG 8-X110b,"PG 8, Barnard-Stockbridge Collection, University of Idaho Library Special Collections and Archives, http://www.lib.uidaho.edu/special-collections/",Image;StillImage,image/jpg,https://creativecommons.org/publicdomain/mark/1.0/,42
"Wallace (Idaho), Interstate Rubber Co. [03]","Barnard Studio (Wallace, Idaho)",1915,yes,"Interior view of the Interstate Rubber Company in Wallace, Idaho.",equipment; business (commercial function);,United States--Idaho--Shoshone County--Wallace,Wallace,,,PG 8-X110c,"PG 8, Barnard-Stockbridge Collection, University of Idaho Library Special Collections and Archives, http://www.lib.uidaho.edu/special-collections/",Image;StillImage,image/jpg,https://creativecommons.org/publicdomain/mark/1.0/,43
"Wallace (Idaho), Interstate Rubber Co. [04]","Barnard Studio (Wallace, Idaho)",1915,yes,"Interior view of the Interstate Rubber Company in Wallace, Idaho.",equipment; business (commercial function);,United States--Idaho--Shoshone County--Wallace,Wallace,,,PG 8-X110d,"PG 8, Barnard-Stockbridge Collection, University of Idaho Library Special Collections and Archives, http://www.lib.uidaho.edu/special-collections/",Image;StillImage,image/jpg,https://creativecommons.org/publicdomain/mark/1.0/,44
"Arizona Placer mine, Murray (Idaho) [01]","Barnard Studio (Wallace, Idaho)",1911,yes,Image shows hydraulic mining in Dream Gulch. Miners are seen holding a water hose and standing water fall and stream with mining tools.,mines (extracting complexes); mine buildings; gold mines;,United States--Idaho--Shoshone County--Murray,Murray,47.627705,-115.873221,PG 8-X008,"PG 8, Barnard-Stockbridge Collection, University of Idaho Library Special Collections and Archives, http://www.lib.uidaho.edu/special-collections/",Image;StillImage,image/jpg,https://creativecommons.org/publicdomain/mark/1.0/,45
"Wallace  (Idaho), Band Boys, 1908","Barnard Studio (Wallace, Idaho)",1908-07-04,,"Image shows band members posing for a photograph holding their instruments on July 4, 1908.",bands (ensembles);,United States--Idaho--Shoshone County--Wallace,Wallace,47.473371,-115.923799,PG 8-X050,"PG 8, Barnard-Stockbridge Collection, University of Idaho Library Special Collections and Archives, http://www.lib.uidaho.edu/special-collections/",Image;StillImage,image/jpg,https://creativecommons.org/publicdomain/mark/1.0/,46
"Interstate Callahan Mill, Wallace (Idaho), 1915 [01]","Barnard Studio (Wallace, Idaho)",1915,yes,"Image of the Interstate Callahan Mill located northwest of Wallace, Idaho on Nine Mile Creek.",buildings (structures); mills (buildings);,United States--Idaho--Shoshone County--Wallace,Wallace,47.4774999,-115.902675,PG 8-X111a,"PG 8, Barnard-Stockbridge Collection, University of Idaho Library Special Collections and Archives, http://www.lib.uidaho.edu/special-collections/",Image;StillImage,image/jpg,https://creativecommons.org/publicdomain/mark/1.0/,47
"Interstate Callahan Mill, Wallace (Idaho), 1915 [02]","Barnard Studio (Wallace, Idaho)",1915,yes,"Image of the Interstate Callahan Mill located northwest of Wallace, Idaho on Nine Mile Creek at sunset.",buildings (structures); mills (buildings);,United States--Idaho--Shoshone County--Wallace,Wallace,47.4774989,-115.902665,PG 8-X111b,"PG 8, Barnard-Stockbridge Collection, University of Idaho Library Special Collections and Archives, http://www.lib.uidaho.edu/special-collections/",Image;StillImage,image/jpg,https://creativecommons.org/publicdomain/mark/1.0/,48
"Interstate Callahan Mill, Wallace (Idaho), 1915 [03]","Barnard Studio (Wallace, Idaho)",1915,yes,"Image of the Interstate Callahan Mill located northwest of Wallace, Idaho on Nine Mile Creek.",buildings (structures); mills (buildings);,United States--Idaho--Shoshone County--Wallace,Wallace,47.4774979,-115.902655,PG 8-X112,"PG 8, Barnard-Stockbridge Collection, University of Idaho Library Special Collections and Archives, http://www.lib.uidaho.edu/special-collections/",Image;StillImage,image/jpg,https://creativecommons.org/publicdomain/mark/1.0/,49
"Interstate Callahan Mill, Wallace (Idaho), 1915 [04]","Barnard Studio (Wallace, Idaho)",1915,yes,"A birds eye view of the Interstate Callahan Mill located northwest of Wallace, Idaho on Nine Mile Creek at sunset.",buildings (structures); mills (buildings);,United States--Idaho--Shoshone County--Wallace,Wallace,47.4774969,-115.902685,PG 8-X114,"PG 8, Barnard-Stockbridge Collection, University of Idaho Library Special Collections and Archives, http://www.lib.uidaho.edu/special-collections/",Image;StillImage,image/jpg,https://creativecommons.org/publicdomain/mark/1.0/,50
"Interstate Callahan Mill, Wallace (Idaho), 1915 [05]","Barnard Studio (Wallace, Idaho)",1915,yes,"Image, taken from the school house, of the Interstate Callahan Mill located northwest of Wallace, Idaho on Nine Mile Creek.",buildings (structures); mills (buildings);,United States--Idaho--Shoshone County--Wallace,Wallace,47.4750001,-115.902645,PG 8-X115,"PG 8, Barnard-Stockbridge Collection, University of Idaho Library Special Collections and Archives, http://www.lib.uidaho.edu/special-collections/",Image;StillImage,image/jpg,https://creativecommons.org/publicdomain/mark/1.0/,51
"Interstate Callahan Mill, Wallace (Idaho), 1915 [06]","Barnard Studio (Wallace, Idaho)",1915,yes,"Image of the bunkhouses at the Interstate Callahan Mill located northwest of Wallace, Idaho on Nine Mile Creek.",camps (temporary settlements); buildings (structures); mills (buildings);,United States--Idaho--Shoshone County--Wallace,Wallace,47.4775011,-115.902634,PG 8-X116,"PG 8, Barnard-Stockbridge Collection, University of Idaho Library Special Collections and Archives, http://www.lib.uidaho.edu/special-collections/",Image;StillImage,image/jpg,https://creativecommons.org/publicdomain/mark/1.0/,52
"Hecla Mine, Burke (Idaho)","Barnard Studio (Wallace, Idaho)",1908,yes,"Interior view of the hoist room in the Hecla Mine in Burke, Idaho.",mines (extracting complexes); silver mines; equipment;,United States--Idaho--Shoshone County--Burke,Burke,47.519011,-115.735001,PG 8-X117,"PG 8, Barnard-Stockbridge Collection, University of Idaho Library Special Collections and Archives, http://www.lib.uidaho.edu/special-collections/",Image;StillImage,image/jpg,https://creativecommons.org/publicdomain/mark/1.0/,53
"Wallace (Idaho), Hathaway building, 1916","Barnard Studio (Wallace, Idaho)",1916,yes,"Image of the Hathaway building in Wallace, Idaho before it was torn down.",buildings (structures);,United States--Idaho--Shoshone County--Wallace,Wallace,47.473177,-115.925481,PG 8-X118,"PG 8, Barnard-Stockbridge Collection, University of Idaho Library Special Collections and Archives, http://www.lib.uidaho.edu/special-collections/",Image;StillImage,image/jpg,https://creativecommons.org/publicdomain/mark/1.0/,54
"Hecla Mine, Burke (Idaho), 1912 [03]","Barnard Studio (Wallace, Idaho)",1912-10-27,,"Mine pump at Hecla Mine in Burke, Idaho",pumping machinery;,United States--Idaho--Shoshone County--Burke,Burke,47.519021,-115.735011,PG 8-X135b,"PG 8, Barnard-Stockbridge Collection, University of Idaho Library Special Collections and Archives, http://www.lib.uidaho.edu/special-collections/",Image;StillImage,image/jpg,https://creativecommons.org/publicdomain/mark/1.0/,55
"Wallace (Idaho), Otterson Co. Store [02]","Barnard Studio (Wallace, Idaho)",1913,yes,"Interior view of Otterson Co. Store, a clothing store in Wallace, Idaho.",hardware stores; business (commercial function);,United States--Idaho--Shoshone County--Wallace,Wallace,47.474095,-115.927939,PG 8-X009a,"PG 8, Barnard-Stockbridge Collection, University of Idaho Library Special Collections and Archives, http://www.lib.uidaho.edu/special-collections/",Image;StillImage,image/jpg,https://creativecommons.org/publicdomain/mark/1.0/,56
"Hecla Mine, Burke (Idaho), 1909 [01]","Barnard Studio (Wallace, Idaho)",1909,yes,"View of Hecla Mine in Burke, Idaho. Railroad cars sit in front of the buildings, with Canyon Creek running in front.",mine buildings; mines (extracting complexes); railroads cars,United States--Idaho--Shoshone County--Burke,Burke,47.523001,-115.735001,PG 8-X151,"PG 8, Barnard-Stockbridge Collection, University of Idaho Library Special Collections and Archives, http://www.lib.uidaho.edu/special-collections/",Image;StillImage,image/jpg,https://creativecommons.org/publicdomain/mark/1.0/,57
"Hercules Mine, Burke (Idaho), 1910 [02]","Barnard Studio (Wallace, Idaho)",1910,yes,Image looking down-canyon at the Hercules Mine in Burke Idaho.,mine buildings; mines (extracting complexes);,United States--Idaho--Shoshone County--Burke,Burke,47.473652,-115.923909,PG 8-X155b,"PG 8, Barnard-Stockbridge Collection, University of Idaho Library Special Collections and Archives, http://www.lib.uidaho.edu/special-collections/",Image;StillImage,image/jpg,https://creativecommons.org/publicdomain/mark/1.0/,58
"Hercules Concentrating Mill, Wallace (Idaho), 1910","Barnard Studio (Wallace, Idaho)",1910,yes,"Image of the Hercules Concentrating Mill in Wallace, Idaho. Northern Pacific Railroad cars sit on the tracks in front of the buildings. One car is loaded with mine timbers.",mine buildings; mines (extracting complexes); railroads cars;,United States--Idaho--Shoshone County--Wallace,Wallace,47.473611,-115.923844,PG 8-X158,"PG 8, Barnard-Stockbridge Collection, University of Idaho Library Special Collections and Archives, http://www.lib.uidaho.edu/special-collections/",Image;StillImage,image/jpg,https://creativecommons.org/publicdomain/mark/1.0/,59
"Hercules Mine, Burke (Idaho), 1909","Barnard Studio (Wallace, Idaho)",1909,yes,"View of the Hercules Mill. A possible flume can be seen at the bottom right-hand corner of the photograph; Caption on front: """"Hercules Mill and Tram"""".",mine buildings; mines (extracting complexes); flumes;,United States--Idaho--Shoshone County--Burke,Burke,47.473642,-115.923929,PG 8-X156,"PG 8, Barnard-Stockbridge Collection, University of Idaho Library Special Collections and Archives, http://www.lib.uidaho.edu/special-collections/",Image;StillImage,image/jpg,https://creativecommons.org/publicdomain/mark/1.0/,60
"Hercules Mine, Burke (Idaho), 1910 [01]","Barnard Studio (Wallace, Idaho)",1910,yes,"Hercules Mine in Burke, Idaho. This view, looking down on the buildings, shows the roofs of the buildings and piles of logs stacked in the yard. Caption on front: ""Hercules Mine"".",mine buildings; mines (extracting complexes);,United States--Idaho--Shoshone County--Burke,Burke,47.473672,-115.923939,PG 8-X160,"PG 8, Barnard-Stockbridge Collection, University of Idaho Library Special Collections and Archives, http://www.lib.uidaho.edu/special-collections/",Image;StillImage,image/jpg,https://creativecommons.org/publicdomain/mark/1.0/,61
"Kellogg (Idaho), 1910 [01]","Barnard Studio (Wallace, Idaho)",1910,yes,"Caption on front:  "" McKinley Avenue looking east from bridge over flume.""",main streets;,United States--Idaho--Shoshone County--Kellogg,Kellogg,47.538223,-116.137462,PG 8-X120a,"PG 8, Barnard-Stockbridge Collection, University of Idaho Library Special Collections and Archives, http://www.lib.uidaho.edu/special-collections/",Image;StillImage,image/jpg,https://creativecommons.org/publicdomain/mark/1.0/,62
"Kellogg (Idaho), 1910 [02]","Barnard Studio (Wallace, Idaho)",1910,yes,"A view of McKinley Avenue, featuring the Kellogg Hotel on the right.",hotels (public accommodations) (public accommodations); main streets;,United States--Idaho--Shoshone County--Kellogg,Kellogg,47.538233,-116.137455,PG 8-X120b,"PG 8, Barnard-Stockbridge Collection, University of Idaho Library Special Collections and Archives, http://www.lib.uidaho.edu/special-collections/",Image;StillImage,image/jpg,https://creativecommons.org/publicdomain/mark/1.0/,63
"Kellogg (Idaho), 1912 [01]","Barnard Studio (Wallace, Idaho)",1912,yes,"Image of McKinley Avenue shows the First State Bank of Kellogg, A.P. Hutton - General Merchandise and others",banks (financial institutions); main streets;,United States--Idaho--Shoshone County--Kellogg,Kellogg,47.536543,-116.130509,PG 8-X121a,"PG 8, Barnard-Stockbridge Collection, University of Idaho Library Special Collections and Archives, http://www.lib.uidaho.edu/special-collections/",Image;StillImage,image/jpg,https://creativecommons.org/publicdomain/mark/1.0/,64
"Kellogg (Idaho),  1912 [01]","Barnard Studio (Wallace, Idaho)",1912,yes,"Exterior image shows McConnell Hotel on one side of Main Street, a theater on the other.",movie theaters; main streets; hotels (public accommodations) (public accommodations);,United States--Idaho--Shoshone County--Kellogg,Kellogg,47.536522,-116.130511,PG 8-X121b,"PG 8, Barnard-Stockbridge Collection, University of Idaho Library Special Collections and Archives, http://www.lib.uidaho.edu/special-collections/",Image;StillImage,image/jpg,https://creativecommons.org/publicdomain/mark/1.0/,65
"Kellogg (Idaho),  1912 [02]","Barnard Studio (Wallace, Idaho)",1912,yes,"Image shows a Bull Durham tobacco advertisement on the side of a building on Main Street, Kellogg Idaho",main streets;,United States--Idaho--Shoshone County--Kellogg,Kellogg,47.536511,-116.130522,PG 8-X122,"PG 8, Barnard-Stockbridge Collection, University of Idaho Library Special Collections and Archives, http://www.lib.uidaho.edu/special-collections/",Image;StillImage,image/jpg,https://creativecommons.org/publicdomain/mark/1.0/,66
"Wallace (Idaho), Otterson Co. Store [01]","Barnard Studio (Wallace, Idaho)",1913,yes,"Interior view of Otterson Co. Store, a clothing store in Wallace, Idaho.",hardware stores; business (commercial function);,United States--Idaho--Shoshone County--Wallace,Wallace,47.474085,-115.927929,PG 8-X009b,"PG 8, Barnard-Stockbridge Collection, University of Idaho Library Special Collections and Archives, http://www.lib.uidaho.edu/special-collections/",Image;StillImage,image/jpg,https://creativecommons.org/publicdomain/mark/1.0/,67
"Kellogg (Idaho), 1912 [02]","Barnard Studio (Wallace, Idaho)",1912,yes,"A view of McKinley Avenue in Kellogg, Idaho; Caption on front: ""Street scene YMCA in foreground""",gyms; hotels (public accommodations) (public accommodations); main streets;,United States--Idaho--Shoshone County--Kellogg,Kellogg,47.536501,-116.130533,PG 8-X123,"PG 8, Barnard-Stockbridge Collection, University of Idaho Library Special Collections and Archives, http://www.lib.uidaho.edu/special-collections/",Image;StillImage,image/jpg,https://creativecommons.org/publicdomain/mark/1.0/,68
"Kellogg (Idaho), 1912 School","Barnard Studio (Wallace, Idaho)",1912,yes,"Exterior view of Kellogg School; Caption on front: ""Kellogg School.""",elementary schools; schools (buildings);,United States--Idaho--Shoshone County--Kellogg,Kellogg,47.536599,-116.130599,PG 8-X124,"PG 8, Barnard-Stockbridge Collection, University of Idaho Library Special Collections and Archives, http://www.lib.uidaho.edu/special-collections/",Image;StillImage,image/jpg,https://creativecommons.org/publicdomain/mark/1.0/,69
"Kellogg (Idaho), 1912 [03]","Barnard Studio (Wallace, Idaho)",1912,yes,View of Kellogg looking towards Wardner.  Haystack Peak can be seen in the background.,mining towns; peaks (landform components); dwellings;,United States--Idaho--Shoshone County--Kellogg,Kellogg,47.540784,-116.119137,PG 8-X125,"PG 8, Barnard-Stockbridge Collection, University of Idaho Library Special Collections and Archives, http://www.lib.uidaho.edu/special-collections/",Image;StillImage,image/jpg,https://creativecommons.org/publicdomain/mark/1.0/,70
"Wallace (Idaho), Library, 1912 [01]","Barnard Studio (Wallace, Idaho)",1912,yes,Exterior view of the Newly-built Wallace Carnegie Public Library.,Carnegie libraries; public buildings;,United States--Idaho--Shoshone County--Wallace,Wallace,47.474008,-115.925792,PG 8-X126,"PG 8, Barnard-Stockbridge Collection, University of Idaho Library Special Collections and Archives, http://www.lib.uidaho.edu/special-collections/",Image;StillImage,image/jpg,https://creativecommons.org/publicdomain/mark/1.0/,71
"Wallace (Idaho),  Jameson Building","Barnard Studio (Wallace, Idaho)",1905,yes,Exterior of Sweet's Hotel and William's and Fahle Jameson's Place. There is a shoe-shine stand and a constable talking to a man hosing off the sidewalk. Billiard Hall (Phister and Burns) is written on the two of the outside windows.,hotels (public accommodations) (public accommodations); main streets; business (commercial function);,United States--Idaho--Shoshone County--Wallace,Wallace,47.472488,-115.925755,PG 8-X127,"PG 8, Barnard-Stockbridge Collection, University of Idaho Library Special Collections and Archives, http://www.lib.uidaho.edu/special-collections/",Image;StillImage,image/jpg,https://creativecommons.org/publicdomain/mark/1.0/,72
"Mace (Idaho), Snow Slide,  1910 [01]","Barnard Studio (Wallace, Idaho)",1910-02-27,,"Image depicts building wreckage from a snow slide, with people standing around.",avalanches;,United States--Idaho--Shoshone County--Mace,Burke,47.519019,-115.825029,PG 8-X128,"PG 8, Barnard-Stockbridge Collection, University of Idaho Library Special Collections and Archives, http://www.lib.uidaho.edu/special-collections/",Image;StillImage,image/jpg,https://creativecommons.org/publicdomain/mark/1.0/,73
"Wallace (Idaho), Barnard, T.N. at his residence, 1898 [01]","Barnard Studio (Wallace, Idaho)",1898,yes,"Image shows T.N. Barnard standing at his residence in Wallace, Idaho [1898] with a group of people. Mr. Barnard was a photographer and the owner of Barnard's Studio in Wallace, Idaho.",dwellings; groups of people;,United States--Idaho--Shoshone County--Wallace,Wallace,,,PG 8-X051b,"PG 8, Barnard-Stockbridge Collection, University of Idaho Library Special Collections and Archives, http://www.lib.uidaho.edu/special-collections/",Image;StillImage,image/jpg,https://creativecommons.org/publicdomain/mark/1.0/,74
"Mace (Idaho), Snow Slide,  1910 [02]","Barnard Studio (Wallace, Idaho)",1910-02-27,,"Image depicts building debris from a snow slide. Men, women and children standing at the scene.",avalanches;,United States--Idaho--Shoshone County--Mace,Burke,47.519029,-115.825019,PG 8-X129,"PG 8, Barnard-Stockbridge Collection, University of Idaho Library Special Collections and Archives, http://www.lib.uidaho.edu/special-collections/",Image;StillImage,image/jpg,https://creativecommons.org/publicdomain/mark/1.0/,75
"Mace (Idaho), Snow Slide,  1910 [03]","Barnard Studio (Wallace, Idaho)",1910-02-27,,"Far off view of a snow slide in Mace in East Shoshone County, near Burke, Idaho. Men and women are standing around at the base of the slide.",avalanches; groups of people;,United States--Idaho--Shoshone County--Mace,Burke,47.518264,-115.822105,PG 8-X131,"PG 8, Barnard-Stockbridge Collection, University of Idaho Library Special Collections and Archives, http://www.lib.uidaho.edu/special-collections/",Image;StillImage,image/jpg,https://creativecommons.org/publicdomain/mark/1.0/,76
"Mace (Idaho), Snow Slide,  1910 [04]","Barnard Studio (Wallace, Idaho)",1910-02-27,,"Far off view of a snow slide in Mace in East Shoshone County, near Burke, Idaho. Men and women are standing around at the base of the slide.",avalanches; groups of people;,United States--Idaho--Shoshone County--Mace,Burke,47.518274,-115.822115,PG 8-X132,"PG 8, Barnard-Stockbridge Collection, University of Idaho Library Special Collections and Archives, http://www.lib.uidaho.edu/special-collections/",Image;StillImage,image/jpg,https://creativecommons.org/publicdomain/mark/1.0/,77
"Wallace (Idaho), Telephone men","Barnard Studio (Wallace, Idaho)",1914,yes,"Image shows six telephone men in Wallace, Idaho standing on telephone pole. The  building is Masonic Temple (background) and Stevens Meat Market (Foreground).",telephone poles; groups of people;,United States--Idaho--Shoshone County--Wallace,Wallace,47.471577,-115.923151,PG 8-X010,"PG 8, Barnard-Stockbridge Collection, University of Idaho Library Special Collections and Archives, http://www.lib.uidaho.edu/special-collections/",Image;StillImage,image/jpg,https://creativecommons.org/publicdomain/mark/1.0/,78
"Wallace (Idaho), Barnard, T.N. at his residence, 1898 [02]","Barnard Studio (Wallace, Idaho)",1898,yes,"Image shows T.N. Barnard at his residence in Wallace, Idaho [1898] with a  group of people.  Mr. Barnard was a photographer and the owner of Barnard's Studio in Wallace, Idaho.  Caption below image:""""Left to right - Mr. T. N. Barnard with Nathan N., Enoch A., Mrs. T.N. Barnard,  William, (sitting) Mrs. L.J. Whitney, (standing with bicycle) Marie Hedum. (Standing in background) Unidentified.""""",dwellings; groups of people; bicycles;,United States--Idaho--Shoshone County--Wallace,Wallace,,,PG 8-X051a,"PG 8, Barnard-Stockbridge Collection, University of Idaho Library Special Collections and Archives, http://www.lib.uidaho.edu/special-collections/",Image;StillImage,image/jpg,https://creativecommons.org/publicdomain/mark/1.0/,79
"Mace (Idaho), Snow Slide,  1910 [05]","Barnard Studio (Wallace, Idaho)",1910-02-27,,"Far off view of a snow slide in Mace in East Shoshone County, near Burke, Idaho. Men and women are standing around at the base of the slide.",avalanches; groups of people;,United States--Idaho--Shoshone County--Mace,Burke,47.518254,-115.822125,PG 8-X133,"PG 8, Barnard-Stockbridge Collection, University of Idaho Library Special Collections and Archives, http://www.lib.uidaho.edu/special-collections/",Image;StillImage,image/jpg,https://creativecommons.org/publicdomain/mark/1.0/,80
"Gem (Idaho), 1888 Frisco Mine Group","Barnard Studio (Wallace, Idaho)",1888,yes,"Large group of men standing and sitting in front of a wooden building in with railroad tracks. Many are holding lunch pails. Caption on front: """"Frisco Mine Group"""".",groups of people; mine buildings;,United States--Idaho--Shoshone County--Gem,Burke,47.512009,-115.864009,PG 8-X134,"PG 8, Barnard-Stockbridge Collection, University of Idaho Library Special Collections and Archives, http://www.lib.uidaho.edu/special-collections/",Image;StillImage,image/jpg,https://creativecommons.org/publicdomain/mark/1.0/,81
"Hecla Mine, Burke (Idaho), 1912 [02]","Barnard Studio (Wallace, Idaho)",1912-10-27,,"Mining machinery, Mine pump, at 12000 ft. level of Hecla Mine in Burke, Idaho",pumping machinery;,United States--Idaho--Shoshone County--Burke,Burke,47.520009,-115.815019,PG 8-X135a,"PG 8, Barnard-Stockbridge Collection, University of Idaho Library Special Collections and Archives, http://www.lib.uidaho.edu/special-collections/",Image;StillImage,image/jpg,https://creativecommons.org/publicdomain/mark/1.0/,82
"Hecla Mill, Gem (Idaho), 1906","Barnard Studio (Wallace, Idaho)",1906,yes,"Exterior view of the Hecla Mill in Gem, Idaho.",mine buildings; mines (extracting complexes);,United States--Idaho--Shoshone County--Gem,Burke,47.508009,-115.873009,PG 8-X136,"PG 8, Barnard-Stockbridge Collection, University of Idaho Library Special Collections and Archives, http://www.lib.uidaho.edu/special-collections/",Image;StillImage,image/jpg,https://creativecommons.org/publicdomain/mark/1.0/,83
"Wallace (Idaho), Barnard, T.N. at his residence, 1898 [03]","Barnard Studio (Wallace, Idaho)",1898,yes,"Image shows T.N. Barnard standing at his residence in Wallace, Idaho [1898] with a group of people. Mr. Barnard was a photographer and the owner of Barnard's Studio in Wallace, Idaho.",dwellings; groups of people;,United States--Idaho--Shoshone County--Wallace,Wallace,,,PG 8-X052,"PG 8, Barnard-Stockbridge Collection, University of Idaho Library Special Collections and Archives, http://www.lib.uidaho.edu/special-collections/",Image;StillImage,image/jpg,https://creativecommons.org/publicdomain/mark/1.0/,84
Cleaning the channel,"Barnard Studio (Wallace, Idaho)",1902,yes,Image shows the cleaning of an unknown channel before 1902.,railroads; buildings (structures);,United States--Idaho,,,,PG 8-X053,"PG 8, Barnard-Stockbridge Collection, University of Idaho Library Special Collections and Archives, http://www.lib.uidaho.edu/special-collections/",Image;StillImage,image/jpg,https://creativecommons.org/publicdomain/mark/1.0/,85
"Wallace (Idaho), Coeur d'Alene Powder Co., 1908 [02]","Barnard Studio (Wallace, Idaho)",1908-05-05,,"Image of Coeur d'Alene Powder Co., in Wallace, Idaho. Unidentified men are standing around the building, a team of horses are nearby.",powder mills; groups of people; business (commercial function);,United States--Idaho--Shoshone County--Wallace,Wallace,47.47379,-115.915336,PG 8-X054b,"PG 8, Barnard-Stockbridge Collection, University of Idaho Library Special Collections and Archives, http://www.lib.uidaho.edu/special-collections/",Image;StillImage,image/jpg,https://creativecommons.org/publicdomain/mark/1.0/,86
"Wallace (Idaho), Coeur d'Alene Powder Co., 1908 [03]","Barnard Studio (Wallace, Idaho)",1908-05-05,,Image of a stream flowing near the Coeur d'Alene Powder Company. A man seen is standing to the right by a tree with his back to the camera.,streams; business (commercial function);,United States--Idaho--Shoshone County--Wallace,Wallace,47.47309,-115.915396,PG 8-X054a,"PG 8, Barnard-Stockbridge Collection, University of Idaho Library Special Collections and Archives, http://www.lib.uidaho.edu/special-collections/",Image;StillImage,image/jpg,https://creativecommons.org/publicdomain/mark/1.0/,87
"Wallace (Idaho), Coeur d'Alene Powder Co., 1908 [04]","Barnard Studio (Wallace, Idaho)",1908-05-05,,"Image of the Coeur d'Alene Powder Co., in Wallace, Idaho.",powder mills;,United States--Idaho--Shoshone County--Wallace,Wallace,47.47369,-115.915346,PG 8-X054c,"PG 8, Barnard-Stockbridge Collection, University of Idaho Library Special Collections and Archives, http://www.lib.uidaho.edu/special-collections/",Image;StillImage,image/jpg,https://creativecommons.org/publicdomain/mark/1.0/,88
"Arizona Placer mine, Murray (Idaho) [02]","Barnard Studio (Wallace, Idaho)",1916,yes,"Image is of the Arizona Placer mine (hydraulic mining) located in  Murray, Idaho; In the image is a sluice box and riffles. A couple of miners are also present.",miners; mines (extracting complexes); mine buildings; gold mines;,United States--Idaho--Shoshone County--Murray,Murray,47.627705,-115.8732209,PG 8-X011,"PG 8, Barnard-Stockbridge Collection, University of Idaho Library Special Collections and Archives, http://www.lib.uidaho.edu/special-collections/",Image;StillImage,image/jpg,https://creativecommons.org/publicdomain/mark/1.0/,89
"Wallace (Idaho), Coeur d'Alene Powder Co., 1908 [05]","Barnard Studio (Wallace, Idaho)",1908-05-05,,"A distant view of the Coeur d'Alene Powder Co., in Wallace, Idaho.",powder mills;,United States--Idaho--Shoshone County--Wallace,Wallace,47.47359,-115.915356,PG 8-X054d,"PG 8, Barnard-Stockbridge Collection, University of Idaho Library Special Collections and Archives, http://www.lib.uidaho.edu/special-collections/",Image;StillImage,image/jpg,https://creativecommons.org/publicdomain/mark/1.0/,90
"Wallace (Idaho), Coeur d'Alene Powder Co., 1908 [06]","Barnard Studio (Wallace, Idaho)",1908-05-05,,"A distant view of the Coeur d'Alene Powder Co., in Wallace, Idaho.",powder mills; business (commercial function);,United States--Idaho--Shoshone County--Wallace,Wallace,47.47349,-115.915366,PG 8-X055a,"PG 8, Barnard-Stockbridge Collection, University of Idaho Library Special Collections and Archives, http://www.lib.uidaho.edu/special-collections/",Image;StillImage,image/jpg,https://creativecommons.org/publicdomain/mark/1.0/,91
"Wallace (Idaho), Coeur d'Alene Powder Co., 1908 [07]","Barnard Studio (Wallace, Idaho)",1908-05-05,,"Image of the Coeur d'Alene Powder Co., in Wallace, Idaho; A group of unidentified men are standing around an unfinished structure.",powder mills; groups of people; business (commercial function);,United States--Idaho--Shoshone County--Wallace,Wallace,47.47339,-115.915376,PG 8-X055b,"PG 8, Barnard-Stockbridge Collection, University of Idaho Library Special Collections and Archives, http://www.lib.uidaho.edu/special-collections/",Image;StillImage,image/jpg,https://creativecommons.org/publicdomain/mark/1.0/,92
"Kellogg (Idaho), 1909","Barnard Studio (Wallace, Idaho)",1909,yes,"Town of Kellogg, Idaho. Image shows railroad tracks and South Fork of the Coeur d'Alene river.",mining towns; dwellings; rivers;,United States--Idaho--Shoshone County--Kellogg,Kellogg,47.540052,-116.142933,PG 8-X130,"PG 8, Barnard-Stockbridge Collection, University of Idaho Library Special Collections and Archives, http://www.lib.uidaho.edu/special-collections/",Image;StillImage,image/jpg,https://creativecommons.org/publicdomain/mark/1.0/,93
"Hercules Mill, Burke (Idaho), 1907 [02]","Barnard Studio (Wallace, Idaho)",1907,yes,"A distant view of Hercules Mill in Burke, Idaho. Various trams can be seen along hillside leading to other mill sites; Caption on front: ""Hercules Mill and Tram"".",mine buildings; mines (extracting complexes);,United States--Idaho--Shoshone County--Burke,Burke,47.519009,-115.829009,PG 8-X137,"PG 8, Barnard-Stockbridge Collection, University of Idaho Library Special Collections and Archives, http://www.lib.uidaho.edu/special-collections/",Image;StillImage,image/jpg,https://creativecommons.org/publicdomain/mark/1.0/,94
"Hercules Mine, Burke (Idaho), 1910 [03]","Barnard Studio (Wallace, Idaho)",1910,yes,Image looking down-canyon at the Hercules Mine in Burke Idaho.,mine buildings; mines (extracting complexes);,United States--Idaho--Shoshone County--Burke,Burke,47.547033,-115.827033,PG 8-X154,"PG 8, Barnard-Stockbridge Collection, University of Idaho Library Special Collections and Archives, http://www.lib.uidaho.edu/special-collections/",Image;StillImage,image/jpg,https://creativecommons.org/publicdomain/mark/1.0/,95
"Hercules Mine, Burke (Idaho), 1911","Barnard Studio (Wallace, Idaho)",1911,yes,"Caption on Back: Hercules #4 - Crushing and Sorting Plant - built right after mill burned down - about 1911. Head of Aerial Tramway, shown lower right. It discharged near N.P. siding in Burke, for loading of sorted crude lead-silver ore. Waste also hand-picked and trimmed to waste dump in foreground.",mine buildings; mines (extracting complexes);,United States--Idaho--Shoshone County--Burke,Burke,47.547022,-115.827022,PG 8-X155a,"PG 8, Barnard-Stockbridge Collection, University of Idaho Library Special Collections and Archives, http://www.lib.uidaho.edu/special-collections/",Image;StillImage,image/jpg,https://creativecommons.org/publicdomain/mark/1.0/,96
"Hercules Concentrating Mill, Wallace (Idaho), 1912","Barnard Studio (Wallace, Idaho)",1912,yes,"Image of the Hercules Concentrating Mill and its associated buildings in Wallace, Idaho. Railroad tracks run in front.",mine buildings; mines (extracting complexes);,United States--Idaho--Shoshone County--Wallace,Wallace,47.473622,-115.923888,PG 8-X157,"PG 8, Barnard-Stockbridge Collection, University of Idaho Library Special Collections and Archives, http://www.lib.uidaho.edu/special-collections/",Image;StillImage,image/jpg,https://creativecommons.org/publicdomain/mark/1.0/,97
"Hercules Mill, Burke (Idaho), 1907 [03]","Barnard Studio (Wallace, Idaho)",1907,yes,"Side view of Hercules Mill in Burke, Idaho; Caption on front: ""Hercules Mill"".",mine buildings; mines (extracting complexes);,United States--Idaho--Shoshone County--Burke,Burke,47.537002,-115.823003,PG 8-X138,"PG 8, Barnard-Stockbridge Collection, University of Idaho Library Special Collections and Archives, http://www.lib.uidaho.edu/special-collections/",Image;StillImage,image/jpg,https://creativecommons.org/publicdomain/mark/1.0/,98
"Hercules Concentrating Mill, Wallace (Idaho), 1911","Barnard Studio (Wallace, Idaho)",1911,yes,"Image of the Hercules Concentrating Mill in Wallace, Idaho; Caption on front ""Hercules Mill"".",mine buildings; mines (extracting complexes);,United States--Idaho--Shoshone County--Wallace,Wallace,47.473633,-115.923877,PG 8-X159,"PG 8, Barnard-Stockbridge Collection, University of Idaho Library Special Collections and Archives, http://www.lib.uidaho.edu/special-collections/",Image;StillImage,image/jpg,https://creativecommons.org/publicdomain/mark/1.0/,99
"Wallace (Idaho), Automobiles in car (railroad), 1914","Barnard Studio (Wallace, Idaho)",1914,yes,Image shows antique automobiles - in a railroad car  [1914]. Taken for O.W.R. & N. Co. [Oregon-Washington Railroad and Navigation Company].,cars (automobiles);,United States--Idaho--Shoshone County--Wallace,Wallace,47.473328,-115.923757,PG 8-X012a,"PG 8, Barnard-Stockbridge Collection, University of Idaho Library Special Collections and Archives, http://www.lib.uidaho.edu/special-collections/",Image;StillImage,image/jpg,https://creativecommons.org/publicdomain/mark/1.0/,100
"Wallace (Idaho), Sampler, 1906 [01]","Barnard Studio (Wallace, Idaho)",1906,yes,"Image of the Sampler buildings in Wallace, Idaho.",industrial buildings; mining towns;,United States--Idaho--Shoshone County--Wallace,Wallace,47.473644,-115.923866,PG 8-X239a,"PG 8, Barnard-Stockbridge Collection, University of Idaho Library Special Collections and Archives, http://www.lib.uidaho.edu/special-collections/",Image;StillImage,image/jpg,https://creativecommons.org/publicdomain/mark/1.0/,101
"Morning Mine, Mullan (Idaho), 1904 [01]","Barnard Studio (Wallace, Idaho)",1904,yes,"Looking down at the Morning Mine, boarding house and other associated buildings.",mines (extracting complexes); mine buildings; lodging dwellings;,United States--Idaho--Shoshone County--Mullan,Mullan,47.472112,-115.785112,PG 8-X206a,"PG 8, Barnard-Stockbridge Collection, University of Idaho Library Special Collections and Archives, http://www.lib.uidaho.edu/special-collections/",Image;StillImage,image/jpg,https://creativecommons.org/publicdomain/mark/1.0/,102
"Wallace (Idaho),  4th of July Parade, 1914","Barnard Studio (Wallace, Idaho)",1914-07-04,,"This photograph shows the E.L. Hale float participating in the 1914 4th of July parade in down Wallace, Idaho.",parades; floats (vehicles),United States--Idaho--Shoshone County--Wallace,Wallace,47.471673,-115.927659,PG 8-X161,"PG 8, Barnard-Stockbridge Collection, University of Idaho Library Special Collections and Archives, http://www.lib.uidaho.edu/special-collections/",Image;StillImage,image/jpg,https://creativecommons.org/publicdomain/mark/1.0/,103
"Harrison (Idaho), 1899 [01]","Barnard Studio (Wallace, Idaho)",1899,yes,"View of the town of Harrison, Idaho, taken from a boat out in Lake Coeur d'Alene.",towns; lakes (bodies of water);,United States--Idaho--Kootenai County--Harrison,Harrison,47.45435,-116.785457,PG 8-X162a,"PG 8, Barnard-Stockbridge Collection, University of Idaho Library Special Collections and Archives, http://www.lib.uidaho.edu/special-collections/",Image;StillImage,image/jpg,https://creativecommons.org/publicdomain/mark/1.0/,104
"Harrison (Idaho), 1899 [02]","Barnard Studio (Wallace, Idaho)",1899,yes,"View of Harrison, Idaho, taken from Lake Coeur d'Alene. Deadhead logs can be seen floating in the surrounding water.",towns; lakes (bodies of water);,United States--Idaho--Kootenai County--Harrison,Harrison,47.454351,-116.785467,PG 8-X162b,"PG 8, Barnard-Stockbridge Collection, University of Idaho Library Special Collections and Archives, http://www.lib.uidaho.edu/special-collections/",Image;StillImage,image/jpg,https://creativecommons.org/publicdomain/mark/1.0/,105
"Coeur d'Alene Divide (Idaho-Montana), 1890","Barnard Studio (Wallace, Idaho)",1890,yes,"Image shows a Northern Pacific train stopped at the Coeur d'Alene Divide, on the Idaho-Montana border. Several railroad employees are posing on board and outside the train. A sign by the tracks says """"Coeur d'Alene Divide Idaho/Montana elevation 4680 ft above sea level"""".",freight trains;,United States--Idaho--Shoshone County--Mullan,Mullan,47.459011,-115.89701,PG 8-X163,"PG 8, Barnard-Stockbridge Collection, University of Idaho Library Special Collections and Archives, http://www.lib.uidaho.edu/special-collections/",Image;StillImage,image/jpg,https://creativecommons.org/publicdomain/mark/1.0/,106
Black Bear (Idaho) [03],"Barnard Studio (Wallace, Idaho)",1900,yes,"View of railroad tracks. Caption on front: """"Northern Pacific Railway (tracks), Black Bear (Black Bear Accident)"""".",tracks (transit system elements); mine buildings;,United States--Idaho--Shoshone County--Black Bear,Burke,47.516041,-115.852383,PG 8-X164,"PG 8, Barnard-Stockbridge Collection, University of Idaho Library Special Collections and Archives, http://www.lib.uidaho.edu/special-collections/",Image;StillImage,image/jpg,https://creativecommons.org/publicdomain/mark/1.0/,107
Black Bear (Idaho) [04],"Barnard Studio (Wallace, Idaho)",1900,yes,"View of railroad tracks. Caption on front: """"Northern Pacific Railway (tracks), Black Bear (Black Bear Accident)"""".",tracks (transit system elements); mine buildings;,United States--Idaho--Shoshone County--Black Bear,Burke,47.516031,-115.852353,PG 8-X165a,"PG 8, Barnard-Stockbridge Collection, University of Idaho Library Special Collections and Archives, http://www.lib.uidaho.edu/special-collections/",Image;StillImage,image/jpg,https://creativecommons.org/publicdomain/mark/1.0/,108
"Hercules Mill, Burke (Idaho), 1907 [01]","Barnard Studio (Wallace, Idaho)",1907,yes,"View of Hercules Mine in Burke, Idaho; Caption on front: ""Hercules Mine"".",mine buildings; mines (extracting complexes);,United States--Idaho--Shoshone County--Burke,Burke,47.537012,-115.823013,PG 8-X139,"PG 8, Barnard-Stockbridge Collection, University of Idaho Library Special Collections and Archives, http://www.lib.uidaho.edu/special-collections/",Image;StillImage,image/jpg,https://creativecommons.org/publicdomain/mark/1.0/,109
Black Bear (Idaho) [05],"Barnard Studio (Wallace, Idaho)",1900,yes,"View of railroad tracks. Caption on front: """"Northern Pacific Railway (tracks), Black Bear (Black Bear Accident)"""".",tracks (transit system elements); mine buildings;,United States--Idaho--Shoshone County--Black Bear,Burke,47.516051,-115.852363,PG 8-X165b,"PG 8, Barnard-Stockbridge Collection, University of Idaho Library Special Collections and Archives, http://www.lib.uidaho.edu/special-collections/",Image;StillImage,image/jpg,https://creativecommons.org/publicdomain/mark/1.0/,110
"Wallace (Idaho), Carriage [01]","Barnard Studio (Wallace, Idaho)",1900,yes,Image shows Henry Floyd Samuels horse drawn carriage located on a muddy road with a building in the background.,carriages (vehicles);,United States--Idaho--Shoshone County--Wallace,Wallace,47.471169,-115.920449,PG 8-X002a,"PG 8, Barnard-Stockbridge Collection, University of Idaho Library Special Collections and Archives, http://www.lib.uidaho.edu/special-collections/",Image;StillImage,image/jpg,https://creativecommons.org/publicdomain/mark/1.0/,111
"Wallace (Idaho), Automobiles - in car (railroad), 1914","Barnard Studio (Wallace, Idaho)",1914,yes,Image shows antique automobiles  - in a railroad car  [1914]. Taken for O.W.R. & N. Co. [Oregon-Washington Railroad and Navigation Company].,cars (automobiles);,United States--Idaho--Shoshone County--Wallace,Wallace,47.473336,-115.923761,PG 8-X012b,"PG 8, Barnard-Stockbridge Collection, University of Idaho Library Special Collections and Archives, http://www.lib.uidaho.edu/special-collections/",Image;StillImage,image/jpg,https://creativecommons.org/publicdomain/mark/1.0/,112
Black Bear (Idaho) [06],"Barnard Studio (Wallace, Idaho)",1900,yes,"View of railroad tracks. Caption on front: """"Northern Pacific Railway (tracks), Black Bear (Black Bear Accident)"""".",tracks (transit system elements); mine buildings;,United States--Idaho--Shoshone County--Black Bear,Burke,47.516021,-115.852373,PG 8-X166,"PG 8, Barnard-Stockbridge Collection, University of Idaho Library Special Collections and Archives, http://www.lib.uidaho.edu/special-collections/",Image;StillImage,image/jpg,https://creativecommons.org/publicdomain/mark/1.0/,113
Black Bear (Idaho) [07],"Barnard Studio (Wallace, Idaho)",1900,yes,"View of railroad tracks. Caption on front: """"Northern Pacific Railway (tracks), Black Bear (Black Bear Accident)"""".",tracks (transit system elements); mine buildings;,United States--Idaho--Shoshone County--Black Bear,Burke,47.516061,-115.852393,PG 8-X166b,"PG 8, Barnard-Stockbridge Collection, University of Idaho Library Special Collections and Archives, http://www.lib.uidaho.edu/special-collections/",Image;StillImage,image/jpg,https://creativecommons.org/publicdomain/mark/1.0/,114
"Wallace (Idaho), Northern Pacific Depot","Barnard Studio (Wallace, Idaho)",1905,yes,"Front view of the Northern Pacific Railroad depot on the north end of 6th Street in Wallace, Idaho. Caption on Back: """"Depot has a prominent corner turret, was built for $8,330 by the Northern Pacific Railroad (""""as per plan 281-1"""" according to company records) with brick from China. The brick had been imported in 1890 for the Olympic Hotel in Tacoma. The hotel, burnt when only partially completed, was dismantled in 1899-1901 to provide material for the depots in Wallace and Missoula"""".",railroads stations;,United States--Idaho--Shoshone County--Wallace,Wallace,47.473379,-115.923749,PG 8-X167,"PG 8, Barnard-Stockbridge Collection, University of Idaho Library Special Collections and Archives, http://www.lib.uidaho.edu/special-collections/",Image;StillImage,image/jpg,https://creativecommons.org/publicdomain/mark/1.0/,115
"Mace (Idaho), Northern Pacific engine - Explosion, 1907 [01]","Barnard Studio (Wallace, Idaho)",1907-12-11,,Photo shows metal debris from a Northern Pacific Railroad engine explosion. A large group of men and children pose along each side.,explosions; locomotives; people;,United States--Idaho--Shoshone County--Mace,Burke,47.516077,-115.852388,PG 8-X168,"PG 8, Barnard-Stockbridge Collection, University of Idaho Library Special Collections and Archives, http://www.lib.uidaho.edu/special-collections/",Image;StillImage,image/jpg,https://creativecommons.org/publicdomain/mark/1.0/,116
"Mace (Idaho), Northern Pacific engine - Explosion, 1907 [02]","Barnard Studio (Wallace, Idaho)",1907-12-11,,Distant view of the Northern Pacific train engine explosion.,explosions; locomotives; people;,United States--Idaho--Shoshone County--Mace,Burke,47.516055,-115.852377,PG 8-X168b,"PG 8, Barnard-Stockbridge Collection, University of Idaho Library Special Collections and Archives, http://www.lib.uidaho.edu/special-collections/",Image;StillImage,image/jpg,https://creativecommons.org/publicdomain/mark/1.0/,117
"Mace (Idaho), Northern Pacific engine - Explosion, 1907 [03]","Barnard Studio (Wallace, Idaho)",1907-12-11,,"Close-up view of the Northern Pacific train engine explosion debris.  Various citizens can be seen examining the wreckage, which has come close to some of the houses.",explosions; locomotives; people;,United States--Idaho--Shoshone County--Mace,Burke,47.516044,-115.852366,PG 8-X168c,"PG 8, Barnard-Stockbridge Collection, University of Idaho Library Special Collections and Archives, http://www.lib.uidaho.edu/special-collections/",Image;StillImage,image/jpg,https://creativecommons.org/publicdomain/mark/1.0/,118
"Burke (Idaho), Neversweat Mine [01]","Barnard Studio (Wallace, Idaho)",1908,yes,"Caption on front: """"Never Sweat Mine, Burke, Id"""".",mines (extracting complexes); mine buildings;,United States--Idaho--Shoshone County--Burke,Burke,47.521953,-115.814551,PG 8-X169a,"PG 8, Barnard-Stockbridge Collection, University of Idaho Library Special Collections and Archives, http://www.lib.uidaho.edu/special-collections/",Image;StillImage,image/jpg,https://creativecommons.org/publicdomain/mark/1.0/,119
"Burke (Idaho), Neversweat Mine [02]","Barnard Studio (Wallace, Idaho)",1908,yes,"Caption on front: """"Never Sweat Mine, Burke, Id"""".",mines (extracting complexes); mine buildings;,United States--Idaho--Shoshone County--Burke,Burke,47.521933,-115.814544,PG 8-X169b,"PG 8, Barnard-Stockbridge Collection, University of Idaho Library Special Collections and Archives, http://www.lib.uidaho.edu/special-collections/",Image;StillImage,image/jpg,https://creativecommons.org/publicdomain/mark/1.0/,120
"Burke (Idaho), Neversweat Mine [03]","Barnard Studio (Wallace, Idaho)",1908,yes,"Caption on front: """"Never Sweat Mine, Burke, Id"""".",mines (extracting complexes); mine buildings;,United States--Idaho--Shoshone County--Burke,Burke,47.521922,-115.814533,PG 8-X169c,"PG 8, Barnard-Stockbridge Collection, University of Idaho Library Special Collections and Archives, http://www.lib.uidaho.edu/special-collections/",Image;StillImage,image/jpg,https://creativecommons.org/publicdomain/mark/1.0/,121
"Burke (Idaho), Neversweat Mine [04]","Barnard Studio (Wallace, Idaho)",1908,yes,"Caption on front: """"Never Sweat Mine, Burke, Id"""".",mines (extracting complexes); mine buildings;,United States--Idaho--Shoshone County--Burke,Burke,47.521966,-115.814522,PG 8-X169d,"PG 8, Barnard-Stockbridge Collection, University of Idaho Library Special Collections and Archives, http://www.lib.uidaho.edu/special-collections/",Image;StillImage,image/jpg,https://creativecommons.org/publicdomain/mark/1.0/,122
"Bunker Hill and Sullivan Mill, Wardner (Idaho), 1899 [01]","Barnard Studio (Wallace, Idaho)",1899,yes,"Image shows the debris of Bunker Hill and Sullivan Mill after the explosion in Wardner, Idaho [1899].  Caption on image: """"On April 29, 1899 the Miners' Union of Coeur d'Alene destroyed the Bunker Hill Mill and other buildings by dynamite and fire.""""",mine buildings;,United States--Idaho--Shoshone County--Wardner,Kellogg west,47.519021,-116.127011,PG 8-X013a,"PG 8, Barnard-Stockbridge Collection, University of Idaho Library Special Collections and Archives, http://www.lib.uidaho.edu/special-collections/",Image;StillImage,image/jpg,https://creativecommons.org/publicdomain/mark/1.0/,123
"Wallace (Idaho), Forest Fire, 1910 - oil tank","Barnard Studio (Wallace, Idaho)",1910-08-29,,Oil tank that withstood the great forest fire of 1910.,oil storage tanks; fires;,United States--Idaho--Shoshone County--Wallace,Wallace,47.473365,-115.923766,PG 8-X170,"PG 8, Barnard-Stockbridge Collection, University of Idaho Library Special Collections and Archives, http://www.lib.uidaho.edu/special-collections/",Image;StillImage,image/jpg,https://creativecommons.org/publicdomain/mark/1.0/,124
"Hercules Mill, Burke (Idaho), 1908","Barnard Studio (Wallace, Idaho)",1908,yes,"Image shows Hercules Mill, no. 4 level in Burke, Idaho.  The mill is connected with other operating level by a series of trams; Caption on front: ""Hercules Mill and Tram"".",mine buildings; mines (extracting complexes);,United States--Idaho--Shoshone County--Burke,Burke,47.537022,-115.823023,PG 8-X140,"PG 8, Barnard-Stockbridge Collection, University of Idaho Library Special Collections and Archives, http://www.lib.uidaho.edu/special-collections/",Image;StillImage,image/jpg,https://creativecommons.org/publicdomain/mark/1.0/,125
"Cataldo (Idaho), Old Mission, 1905","Barnard Studio (Wallace, Idaho)",1905,yes,"This image shows the deteriorated state of the Mission of the Sacred Heart, overlooking the Coeur d'Alene River. The Mission was constructed between 1850-1853 by Jesuit missionaries. Caption from front: Old Mission, Idaho.",mission churches;,United States--Idaho--Kootenai County--Cataldo,Cataldo,47.548607,-116.357426,PG 8-X171,"PG 8, Barnard-Stockbridge Collection, University of Idaho Library Special Collections and Archives, http://www.lib.uidaho.edu/special-collections/",Image;StillImage,image/jpg,https://creativecommons.org/publicdomain/mark/1.0/,126
"Wallace (Idaho), O.W.R & N., 1913 [01]","Barnard Studio (Wallace, Idaho)",1913,yes,"Oregon, Washington Railroad & Navigation Company accident photograph. This distant view shows snow covered tracks with two men standing to the left side. Caption on front: """"O.W.R. and N. Accident Case, 1913 Edge of Wallace"""".",railroads yards;,United States--Idaho--Shoshone County--Wallace,Wallace,47.473389,-115.923796,PG 8-X172a,"PG 8, Barnard-Stockbridge Collection, University of Idaho Library Special Collections and Archives, http://www.lib.uidaho.edu/special-collections/",Image;StillImage,image/jpg,https://creativecommons.org/publicdomain/mark/1.0/,127
"Wallace (Idaho), O.W.R & N., 1913 [02]","Barnard Studio (Wallace, Idaho)",1913,yes,"Close-up of a man  standing next to some Oregon, Washington Railroad & Navigation Company  tracks. Caption on front: O.W.R. and N. Accident Case, 1913 Edge of Wallace"""".",railroads; accidents;,United States--Idaho--Shoshone County--Wallace,Wallace,47.473399,-115.923789,PG 8-X172b,"PG 8, Barnard-Stockbridge Collection, University of Idaho Library Special Collections and Archives, http://www.lib.uidaho.edu/special-collections/",Image;StillImage,image/jpg,https://creativecommons.org/publicdomain/mark/1.0/,128
"Wallace (Idaho), O.W.R & N., 1913 [03]","Barnard Studio (Wallace, Idaho)",1913,yes,"This image show two men posing next to O.W. R. & N. railroad tracks. Caption on front: O.W.R. and N. Accident Case, 1913 Looking up Burke Canyon"""".",railroads; accidents;,United States--Idaho--Shoshone County--Wallace,Wallace,47.473369,-115.923798,PG 8-X172c,"PG 8, Barnard-Stockbridge Collection, University of Idaho Library Special Collections and Archives, http://www.lib.uidaho.edu/special-collections/",Image;StillImage,image/jpg,https://creativecommons.org/publicdomain/mark/1.0/,129
"Wallace (Idaho), O.W.R & N., 1913 [05]","Barnard Studio (Wallace, Idaho)",1913,yes,"Close-up of a man  standing next to some Oregon, Washington Railroad & Navigation Company  tracks, with another man in the distance. O.W.R. and N. Accident Case, 1913 Edge of Wallace"""".",railroads; accidents;,United States--Idaho--Shoshone County--Wallace,Wallace,47.473349,-115.923777,PG 8-X172d,"PG 8, Barnard-Stockbridge Collection, University of Idaho Library Special Collections and Archives, http://www.lib.uidaho.edu/special-collections/",Image;StillImage,image/jpg,https://creativecommons.org/publicdomain/mark/1.0/,130
"Wallace (Idaho), O.W.R & N., 1913 [04]","Barnard Studio (Wallace, Idaho)",1913,yes,"Image of people standing alongside train tracks by Wallace Northern Pacific Depot. Caption on front: """"Potter accident - O.W.R.&N., Wallace""""",railroads; accidents;,United States--Idaho--Shoshone County--Wallace,Wallace,47.473389,-115.923759,PG 8-X173a,"PG 8, Barnard-Stockbridge Collection, University of Idaho Library Special Collections and Archives, http://www.lib.uidaho.edu/special-collections/",Image;StillImage,image/jpg,https://creativecommons.org/publicdomain/mark/1.0/,131
"Wallace (Idaho), O.W.R & N., 1913 [06]","Barnard Studio (Wallace, Idaho)",1913,yes,"Image of people standing alongside train tracks by Wallace Northern Pacific Depot. Caption on front: """"Potter accident - O.W.R.&N., Wallace""""",railroads; accidents;,United States--Idaho--Shoshone County--Wallace,Wallace,47.473399,-115.923769,PG 8-X173b,"PG 8, Barnard-Stockbridge Collection, University of Idaho Library Special Collections and Archives, http://www.lib.uidaho.edu/special-collections/",Image;StillImage,image/jpg,https://creativecommons.org/publicdomain/mark/1.0/,132
"Wallace (Idaho), O.W.R & N., 1913 [07]","Barnard Studio (Wallace, Idaho)",1913,yes,"Image of two men standing by the N.P. Depot with a grocery store in the background. Caption on front: """"O.W.R. and N. Railroad, Wallace taken by N.P. depot (Potter Accident)"""".",railroads; accidents;,United States--Idaho--Shoshone County--Wallace,Wallace,47.473369,-115.923779,PG 8-X174a,"PG 8, Barnard-Stockbridge Collection, University of Idaho Library Special Collections and Archives, http://www.lib.uidaho.edu/special-collections/",Image;StillImage,image/jpg,https://creativecommons.org/publicdomain/mark/1.0/,133
"Bunker Hill and Sullivan Mill, Wardner (Idaho), 1899 [02]","Barnard Studio (Wallace, Idaho)",1899,yes,"Image shows the debris of Bunker Hill and Sullivan Mill after the explosion in Wardner, Idaho [1899].   Caption on image: """"Bunker Hill Mill and other buildings were destroyed by explosion set by strikers on April 29, 1899.""""",mine buildings;,United States--Idaho--Shoshone County-Wardner,Kellogg west,47.519031,-116.127021,PG 8-X013b,"PG 8, Barnard-Stockbridge Collection, University of Idaho Library Special Collections and Archives, http://www.lib.uidaho.edu/special-collections/",Image;StillImage,image/jpg,https://creativecommons.org/publicdomain/mark/1.0/,134
"Wallace (Idaho), O.W.R & N.,1913 [08]","Barnard Studio (Wallace, Idaho)",1913,yes,"Potter accident - O.W.R.&N., Wallace",railroads; accidents;,United States--Idaho--Shoshone County--Wallace,Wallace,47.473359,-115.923739,PG 8-X174b,"PG 8, Barnard-Stockbridge Collection, University of Idaho Library Special Collections and Archives, http://www.lib.uidaho.edu/special-collections/",Image;StillImage,image/jpg,https://creativecommons.org/publicdomain/mark/1.0/,135
"Wallace (Idaho), T.R. Roosevelt visit, 1903 [02]","Barnard Studio (Wallace, Idaho)",1903,yes,"Image of President Theodore Roosevelt's visit to Wallace. He is shown sitting in the back of a horse-drawn carriage, surrounded by on-lookers on the street and in the windows of near-by buildings. Also shown in the carriage, are N.P. depot driver, Joe McDonald; Pat McGovern, chief of police and Harry W. McKinley.",presidents; parades,United States--Idaho--Shoshone County--Wallace,Wallace,47.473321,-115.923749,PG 8-X179a,"PG 8, Barnard-Stockbridge Collection, University of Idaho Library Special Collections and Archives, http://www.lib.uidaho.edu/special-collections/",Image;StillImage,image/jpg,https://creativecommons.org/publicdomain/mark/1.0/,136
"Wallace (Idaho), T.R. Roosevelt visit, 1903 [03]","Barnard Studio (Wallace, Idaho)",1903,yes,"A close-up image of President Theodore Roosevelt. He is seen riding in a carriage, during a visit to Wallace, Idaho.",presidents; parades,United States--Idaho--Shoshone County--Wallace,Wallace,47.473331,-115.923729,PG 8-X179b,"PG 8, Barnard-Stockbridge Collection, University of Idaho Library Special Collections and Archives, http://www.lib.uidaho.edu/special-collections/",Image;StillImage,image/jpg,https://creativecommons.org/publicdomain/mark/1.0/,137
"Hercules Mine, Burke (Idaho), 1903 [02]","Barnard Studio (Wallace, Idaho)",1903,yes,"Hercules Mine in Burke, Idaho. Image features several wooden structures on multiple levels. Two large dump piles can be seen at separate levels.",mine buildings; mines (extracting complexes);,United States--Idaho--Shoshone County--Burke,Burke,47.537032,-115.823033,PG 8-X141,"PG 8, Barnard-Stockbridge Collection, University of Idaho Library Special Collections and Archives, http://www.lib.uidaho.edu/special-collections/",Image;StillImage,image/jpg,https://creativecommons.org/publicdomain/mark/1.0/,138
"Wallace (Idaho), T.R. Roosevelt visit, 1903 [04]","Barnard Studio (Wallace, Idaho)",1903,yes,"A panoramic view of the parade procession accompanying the visit of President Theodore Roosevelt. This image shows the corner of 6th and Bank Streets in Wallace, Idaho.",presidents; parades,United States--Idaho--Shoshone County--Wallace,Wallace,47.474095,-115.923739,PG 8-X181,"PG 8, Barnard-Stockbridge Collection, University of Idaho Library Special Collections and Archives, http://www.lib.uidaho.edu/special-collections/",Image;StillImage,image/jpg,https://creativecommons.org/publicdomain/mark/1.0/,139
"Wallace (Idaho), Providence Hospital, 1909 [01]","Barnard Studio (Wallace, Idaho)",1909,yes,"A photograph of the exterior Providence Hospital in Wallace, Idaho.",mining towns; hospital; public buildings;,United States--Idaho--Shoshone County--Wallace,Wallace,47.471689,-115.921002,PG 8-X182a,"PG 8, Barnard-Stockbridge Collection, University of Idaho Library Special Collections and Archives, http://www.lib.uidaho.edu/special-collections/",Image;StillImage,image/jpg,https://creativecommons.org/publicdomain/mark/1.0/,140
"Wallace (Idaho), Providence Hospital, 1909 [02]","Barnard Studio (Wallace, Idaho)",1909,yes,"Exterior view of Providence Hospital, Wallace Idaho.",mining towns; hospital; public buildings;,United States--Idaho--Shoshone County--Wallace,Wallace,47.471699,-115.921012,PG 8-X182b,"PG 8, Barnard-Stockbridge Collection, University of Idaho Library Special Collections and Archives, http://www.lib.uidaho.edu/special-collections/",Image;StillImage,image/jpg,https://creativecommons.org/publicdomain/mark/1.0/,141
"Mace (Idaho), Snow slide,  1910 [06]","Barnard Studio (Wallace, Idaho)",1910-02-27,,"Image shows people shoveling out amongst the debris of a snow slide that occurred on February 27 of 1910, in Mace, Idaho.",avalanches; groups of people;,United States--Idaho--Shoshone County--Mace,Burke,47.519579,-115.821902,PG 8-X184a,"PG 8, Barnard-Stockbridge Collection, University of Idaho Library Special Collections and Archives, http://www.lib.uidaho.edu/special-collections/",Image;StillImage,image/jpg,https://creativecommons.org/publicdomain/mark/1.0/,142
"Mace (Idaho), Snow slide,  1910 [07]","Barnard Studio (Wallace, Idaho)",1910-02-27,,A distant view of the damage from a snow slide. Quite a few citizens can be seen surveying the damage.,avalanches; groups of people;,United States--Idaho--Shoshone County--Mace,Burke,47.519566,-115.821922,PG 8-X184b,"PG 8, Barnard-Stockbridge Collection, University of Idaho Library Special Collections and Archives, http://www.lib.uidaho.edu/special-collections/",Image;StillImage,image/jpg,https://creativecommons.org/publicdomain/mark/1.0/,143
"Mace (Idaho), School, 1907","Barnard Studio (Wallace, Idaho)",1907,yes,Exterior image of the Mace School and surrounding buildings. Caption from front: Mace School.,mining towns; elementary schools; schools (buildings);,United States--Idaho--Shoshone County--Mace,Burke,47.519555,-115.821911,PG 8-X185,"PG 8, Barnard-Stockbridge Collection, University of Idaho Library Special Collections and Archives, http://www.lib.uidaho.edu/special-collections/",Image;StillImage,image/jpg,https://creativecommons.org/publicdomain/mark/1.0/,144
"Bunker Hill and Sullivan Mill, Wardner (Idaho), 1899 [04]","Barnard Studio (Wallace, Idaho)",1899,yes,"Image shows the debris of Bunker Hill and Sullivan Mill after the explosion in Wardner, Idaho [1899].   Caption on image: """"Bunker Hill Mill and other buildings were destroyed by explosion set by strikers on April 29, 1899.""""",mine buildings;,United States--Idaho--Shoshone County-Wardner,Kellogg west,47.519041,-116.127031,PG 8-X014a,"PG 8, Barnard-Stockbridge Collection, University of Idaho Library Special Collections and Archives, http://www.lib.uidaho.edu/special-collections/",Image;StillImage,image/jpg,https://creativecommons.org/publicdomain/mark/1.0/,145
"Wallace (Idaho), McRae's Stage Coach","Barnard Studio (Wallace, Idaho)",1902,yes,"Caption on back: """"Mullan Stage, but photo taken in Wallace, looking Northeast. Caption on Back: Alexander P. McRae started livery, stage and transfer business as A. P. McRae and Company, with a partner Allen McPherson, in early 1890's. Sandy McCrae (sic) holds the reigns to the Coeur d'Alene's first stage which ran between Mullan and Wallace sometimes before 1889. It is interesting to note that the stage road crossed the railroad tracks 29 times in the 7 miles between the two towns. (Kellogg Evening News. Jubilee Edition. August 1963)"""".",stagecoaches; mining towns; groups of people; carriages (vehicles);,United States--Idaho--Shoshone County--Wallace,Wallace,47.471629,-115.931457,PG 8-X186,"PG 8, Barnard-Stockbridge Collection, University of Idaho Library Special Collections and Archives, http://www.lib.uidaho.edu/special-collections/",Image;StillImage,image/jpg,https://creativecommons.org/publicdomain/mark/1.0/,146
"Mullan (Idaho), 1909 [01]","Barnard Studio (Wallace, Idaho)",1909,yes,"Distant view of the town of Mullan, Idaho.",mining towns;,United States--Idaho--Shoshone County--Mullan,Mullan,47.460929,-115.794675,PG 8-X187a,"PG 8, Barnard-Stockbridge Collection, University of Idaho Library Special Collections and Archives, http://www.lib.uidaho.edu/special-collections/",Image;StillImage,image/jpg,https://creativecommons.org/publicdomain/mark/1.0/,147
"Mullan (Idaho), 1909 [02]","Barnard Studio (Wallace, Idaho)",1909,yes,"Image of Mullan, Idaho.",mining towns;,United States--Idaho--Shoshone County--Mullan,Mullan,47.460939,-115.794675,PG 8-X187b,"PG 8, Barnard-Stockbridge Collection, University of Idaho Library Special Collections and Archives, http://www.lib.uidaho.edu/special-collections/",Image;StillImage,image/jpg,https://creativecommons.org/publicdomain/mark/1.0/,148
"Mullan (Idaho), 1912 [01]","Barnard Studio (Wallace, Idaho)",1912,yes,"View of Mullan, Idaho taken from the west.",mining towns;,United States--Idaho--Shoshone County--Mullan,Mullan,47.460949,-115.794675,PG 8-X189,"PG 8, Barnard-Stockbridge Collection, University of Idaho Library Special Collections and Archives, http://www.lib.uidaho.edu/special-collections/",Image;StillImage,image/jpg,https://creativecommons.org/publicdomain/mark/1.0/,149
"Mullan (Idaho), 1912 [02]","Barnard Studio (Wallace, Idaho)",1912,yes,"Street scene in Mullan, Idaho. Among some of the business, are Mullan Hotel, Jack Wilson's Bar & Cafe?, and United Stores Co.",mining towns;,United States--Idaho--Shoshone County--Mullan,Mullan,47.460959,-115.794675,PG 8-X190,"PG 8, Barnard-Stockbridge Collection, University of Idaho Library Special Collections and Archives, http://www.lib.uidaho.edu/special-collections/",Image;StillImage,image/jpg,https://creativecommons.org/publicdomain/mark/1.0/,150
"Mullan (Idaho), 1912 [03]","Barnard Studio (Wallace, Idaho)",1912,yes,"View of Mullan, Idaho taken from the north.",mining towns;,United States--Idaho--Shoshone County--Mullan,Mullan,47.460969,-115.794675,PG 8-X191,"PG 8, Barnard-Stockbridge Collection, University of Idaho Library Special Collections and Archives, http://www.lib.uidaho.edu/special-collections/",Image;StillImage,image/jpg,https://creativecommons.org/publicdomain/mark/1.0/,151
"Hercules Mine, Burke (Idaho), 1904","Barnard Studio (Wallace, Idaho)",1904,yes,"Hercules Mine in Burke, Idaho. Along with the surface structures, and waste dumps, logs are piled along the hillside, likely for use in the mining operations; Caption on front: ""Hercules Mine"".",mine buildings; mines (extracting complexes);,United States--Idaho--Shoshone County--Burke,Burke,47.537042,-115.823043,PG 8-X142,"PG 8, Barnard-Stockbridge Collection, University of Idaho Library Special Collections and Archives, http://www.lib.uidaho.edu/special-collections/",Image;StillImage,image/jpg,https://creativecommons.org/publicdomain/mark/1.0/,152
"Mullan (Idaho), 1907 [02]","Barnard Studio (Wallace, Idaho)",1907,yes,"Image of Mullan, Idaho. Caption on front: """"Mullan looking east"""".",mining towns;,United States--Idaho--Shoshone County--Mullan,Mullan,47.460979,-115.794675,PG 8-X192,"PG 8, Barnard-Stockbridge Collection, University of Idaho Library Special Collections and Archives, http://www.lib.uidaho.edu/special-collections/",Image;StillImage,image/jpg,https://creativecommons.org/publicdomain/mark/1.0/,153
"Mullan (Idaho), 1910 [01]","Barnard Studio (Wallace, Idaho)",1910,yes,"Distant view of Mullan, Idaho.",mining towns;,United States--Idaho--Shoshone County--Mullan,Mullan,47.460992,-115.794675,PG 8-X193,"PG 8, Barnard-Stockbridge Collection, University of Idaho Library Special Collections and Archives, http://www.lib.uidaho.edu/special-collections/",Image;StillImage,image/jpg,https://creativecommons.org/publicdomain/mark/1.0/,154
"Mullan (Idaho), 1910 [02]","Barnard Studio (Wallace, Idaho)",1910,yes,"Photo of Mullan taken from the hillside. Caption on front: """"Mullan, Idaho looking S.W."""".",mining towns;,United States--Idaho--Shoshone County--Mullan,Mullan,47.460993,-115.794675,PG 8-X194,"PG 8, Barnard-Stockbridge Collection, University of Idaho Library Special Collections and Archives, http://www.lib.uidaho.edu/special-collections/",Image;StillImage,image/jpg,https://creativecommons.org/publicdomain/mark/1.0/,155
